language,model,term,layer,proj,cosdiff
es,xlm-roberta-large,policía,0,-0.3138415515422821,-0.0026675760746002197
es,xlm-roberta-large,policía,1,-0.29779669642448425,-0.003155827522277832
es,xlm-roberta-large,policía,2,-0.37468457221984863,-0.0032576322555541992
es,xlm-roberta-large,policía,3,0.059755921363830566,-0.0021966099739074707
es,xlm-roberta-large,policía,4,0.5759503841400146,-0.0016410350799560547
es,xlm-roberta-large,policía,5,-0.13373225927352905,-0.0014200210571289062
es,xlm-roberta-large,policía,6,-0.19506657123565674,-0.0027843117713928223
es,xlm-roberta-large,policía,7,-0.6554276943206787,-0.0029011964797973633
es,xlm-roberta-large,policía,8,-0.4471892714500427,-0.00211179256439209
es,xlm-roberta-large,policía,9,-0.3018016815185547,-0.0006412267684936523
es,xlm-roberta-large,policía,10,-0.08304798603057861,-0.0006468296051025391
es,xlm-roberta-large,policía,11,-0.7144233584403992,-0.004006087779998779
es,xlm-roberta-large,policía,12,-0.12314397096633911,-0.002832472324371338
es,xlm-roberta-large,policía,13,-0.10107207298278809,-0.0025125741958618164
es,xlm-roberta-large,policía,14,0.6770569086074829,-0.001752018928527832
es,xlm-roberta-large,policía,15,0.6067196726799011,-0.0017309188842773438
es,xlm-roberta-large,policía,16,0.8511879444122314,-0.0001513957977294922
es,xlm-roberta-large,policía,17,0.40116727352142334,-0.00026869773864746094
es,xlm-roberta-large,policía,18,0.11530911922454834,-0.0003040432929992676
es,xlm-roberta-large,policía,19,0.5651304721832275,0.0018180608749389648
es,xlm-roberta-large,policía,20,0.5544764995574951,-1.245737075805664e-05
es,xlm-roberta-large,policía,21,0.35531389713287354,0.0008922219276428223
es,xlm-roberta-large,policía,22,-0.25423556566238403,-0.0006455779075622559
es,xlm-roberta-large,policía,23,-0.6610878109931946,-0.0028118491172790527
es,xlm-roberta-large,policía,24,-0.1825016885995865,-7.241964340209961e-05
es,xlm-roberta-large,artista,0,0.1166485846042633,0.008732199668884277
es,xlm-roberta-large,artista,1,0.5597635507583618,0.008290648460388184
es,xlm-roberta-large,artista,2,0.5149686932563782,0.006076216697692871
es,xlm-roberta-large,artista,3,1.0212806463241577,0.007351994514465332
es,xlm-roberta-large,artista,4,1.5591168403625488,0.005582869052886963
es,xlm-roberta-large,artista,5,0.5159305334091187,0.0032921433448791504
es,xlm-roberta-large,artista,6,0.7372649312019348,0.003167450428009033
es,xlm-roberta-large,artista,7,0.4070046842098236,0.003700852394104004
es,xlm-roberta-large,artista,8,0.6994400024414062,0.0047057271003723145
es,xlm-roberta-large,artista,9,0.9700939059257507,0.007512450218200684
es,xlm-roberta-large,artista,10,1.3474960327148438,0.008593916893005371
es,xlm-roberta-large,artista,11,0.8636510968208313,0.005954265594482422
es,xlm-roberta-large,artista,12,1.5094691514968872,0.008501648902893066
es,xlm-roberta-large,artista,13,1.4698302745819092,0.01042264699935913
es,xlm-roberta-large,artista,14,2.105349063873291,0.008427619934082031
es,xlm-roberta-large,artista,15,2.258176565170288,0.008664608001708984
es,xlm-roberta-large,artista,16,2.1418704986572266,0.008265137672424316
es,xlm-roberta-large,artista,17,1.569130539894104,0.007464051246643066
es,xlm-roberta-large,artista,18,1.6363754272460938,0.010268986225128174
es,xlm-roberta-large,artista,19,2.112490653991699,0.01217198371887207
es,xlm-roberta-large,artista,20,2.103142499923706,0.010482072830200195
es,xlm-roberta-large,artista,21,2.099639654159546,0.012245893478393555
es,xlm-roberta-large,artista,22,0.9221779108047485,0.0072168707847595215
es,xlm-roberta-large,artista,23,0.6240408420562744,0.005488693714141846
es,xlm-roberta-large,artista,24,0.08082945644855499,0.000529170036315918
es,xlm-roberta-large,comerciante,0,0.5950464010238647,0.027021586894989014
es,xlm-roberta-large,comerciante,1,0.8834061622619629,0.014953970909118652
es,xlm-roberta-large,comerciante,2,0.42997854948043823,0.0057411789894104
es,xlm-roberta-large,comerciante,3,0.8112832307815552,0.0058612823486328125
es,xlm-roberta-large,comerciante,4,1.0588185787200928,0.0021579861640930176
es,xlm-roberta-large,comerciante,5,0.4339462220668793,0.0028803348541259766
es,xlm-roberta-large,comerciante,6,0.5891015529632568,0.0023659467697143555
es,xlm-roberta-large,comerciante,7,0.34546440839767456,0.003467261791229248
es,xlm-roberta-large,comerciante,8,0.5764250755310059,0.0041345953941345215
es,xlm-roberta-large,comerciante,9,0.3551855683326721,0.0037038326263427734
es,xlm-roberta-large,comerciante,10,0.7320820689201355,0.0047798752784729
es,xlm-roberta-large,comerciante,11,-0.09689797461032867,-6.008148193359375e-05
es,xlm-roberta-large,comerciante,12,0.6277286410331726,0.0026047229766845703
es,xlm-roberta-large,comerciante,13,0.7721187472343445,0.005208432674407959
es,xlm-roberta-large,comerciante,14,1.428539752960205,0.0039460062980651855
es,xlm-roberta-large,comerciante,15,1.4099026918411255,0.004353225231170654
es,xlm-roberta-large,comerciante,16,1.4070343971252441,0.004311919212341309
es,xlm-roberta-large,comerciante,17,1.0375558137893677,0.00447613000869751
es,xlm-roberta-large,comerciante,18,0.722149133682251,0.004259288311004639
es,xlm-roberta-large,comerciante,19,0.9614830613136292,0.0048683881759643555
es,xlm-roberta-large,comerciante,20,1.334082841873169,0.005739748477935791
es,xlm-roberta-large,comerciante,21,0.8869427442550659,0.004630982875823975
es,xlm-roberta-large,comerciante,22,0.3931860327720642,0.003932356834411621
es,xlm-roberta-large,comerciante,23,0.12236970663070679,0.002400040626525879
es,xlm-roberta-large,comerciante,24,0.15657569468021393,0.0007075071334838867
es,xlm-roberta-large,periodista,0,0.0370326042175293,0.006640970706939697
es,xlm-roberta-large,periodista,1,-0.027469515800476074,0.0004494190216064453
es,xlm-roberta-large,periodista,2,-0.17991358041763306,-0.0012035965919494629
es,xlm-roberta-large,periodista,3,0.18183916807174683,-0.0010334253311157227
es,xlm-roberta-large,periodista,4,0.5030487775802612,-0.0022023916244506836
es,xlm-roberta-large,periodista,5,-0.21338176727294922,-0.001995861530303955
es,xlm-roberta-large,periodista,6,-0.25257718563079834,-0.003158748149871826
es,xlm-roberta-large,periodista,7,-0.5791547298431396,-0.0024091601371765137
es,xlm-roberta-large,periodista,8,-0.3233027458190918,-0.001371622085571289
es,xlm-roberta-large,periodista,9,-0.1834181547164917,0.0001227259635925293
es,xlm-roberta-large,periodista,10,-0.011926412582397461,-0.0001812577247619629
es,xlm-roberta-large,periodista,11,-0.4137565493583679,-0.002074122428894043
es,xlm-roberta-large,periodista,12,0.06720364093780518,-0.001466214656829834
es,xlm-roberta-large,periodista,13,0.06162416934967041,-0.0011919736862182617
es,xlm-roberta-large,periodista,14,0.9546982049942017,0.00018596649169921875
es,xlm-roberta-large,periodista,15,1.0138427019119263,0.0007977485656738281
es,xlm-roberta-large,periodista,16,1.0327662229537964,0.0010124444961547852
es,xlm-roberta-large,periodista,17,0.6965078711509705,0.0016930103302001953
es,xlm-roberta-large,periodista,18,0.9720760583877563,0.005721867084503174
es,xlm-roberta-large,periodista,19,1.240697979927063,0.006381988525390625
es,xlm-roberta-large,periodista,20,1.2997047901153564,0.005090534687042236
es,xlm-roberta-large,periodista,21,1.1774135828018188,0.006296634674072266
es,xlm-roberta-large,periodista,22,0.3560335636138916,0.0034506916999816895
es,xlm-roberta-large,periodista,23,0.02062368392944336,0.0016379952430725098
es,xlm-roberta-large,periodista,24,-0.07746085524559021,0.0001671314239501953
es,xlm-roberta-large,piloto,0,2.0802767276763916,0.058983415365219116
es,xlm-roberta-large,piloto,1,1.6346235275268555,0.022140026092529297
es,xlm-roberta-large,piloto,2,1.2160556316375732,0.013236582279205322
es,xlm-roberta-large,piloto,3,1.6391416788101196,0.013522505760192871
es,xlm-roberta-large,piloto,4,2.1451239585876465,0.010104775428771973
es,xlm-roberta-large,piloto,5,1.2080196142196655,0.00832432508468628
es,xlm-roberta-large,piloto,6,1.2734103202819824,0.0066838860511779785
es,xlm-roberta-large,piloto,7,0.9936902523040771,0.007288098335266113
es,xlm-roberta-large,piloto,8,1.0584068298339844,0.0068320631980896
es,xlm-roberta-large,piloto,9,0.7521693706512451,0.0060974955558776855
es,xlm-roberta-large,piloto,10,0.9791547060012817,0.006255745887756348
es,xlm-roberta-large,piloto,11,0.15725603699684143,0.0015357136726379395
es,xlm-roberta-large,piloto,12,0.8104780912399292,0.0037456154823303223
es,xlm-roberta-large,piloto,13,0.9012427926063538,0.005576491355895996
es,xlm-roberta-large,piloto,14,1.4604285955429077,0.004037261009216309
es,xlm-roberta-large,piloto,15,1.7673561573028564,0.005756378173828125
es,xlm-roberta-large,piloto,16,1.779908537864685,0.00606924295425415
es,xlm-roberta-large,piloto,17,1.41168212890625,0.006533384323120117
es,xlm-roberta-large,piloto,18,1.2622058391571045,0.007776319980621338
es,xlm-roberta-large,piloto,19,1.7174980640411377,0.009675145149230957
es,xlm-roberta-large,piloto,20,1.7654308080673218,0.008339345455169678
es,xlm-roberta-large,piloto,21,1.5844491720199585,0.00900578498840332
es,xlm-roberta-large,piloto,22,0.8466157913208008,0.006775498390197754
es,xlm-roberta-large,piloto,23,0.46580803394317627,0.004533290863037109
es,xlm-roberta-large,piloto,24,0.287397563457489,0.001001894474029541
es,xlm-roberta-large,cantante,0,0.3118489980697632,0.013935118913650513
es,xlm-roberta-large,cantante,1,0.28361785411834717,0.004649937152862549
es,xlm-roberta-large,cantante,2,-0.011924266815185547,0.0005571246147155762
es,xlm-roberta-large,cantante,3,0.35475248098373413,0.0006520748138427734
es,xlm-roberta-large,cantante,4,0.5693751573562622,-0.0017044544219970703
es,xlm-roberta-large,cantante,5,-0.2381587028503418,-0.0021796226501464844
es,xlm-roberta-large,cantante,6,-0.38430702686309814,-0.00401538610458374
es,xlm-roberta-large,cantante,7,-1.0804705619812012,-0.005525469779968262
es,xlm-roberta-large,cantante,8,-0.6185630559921265,-0.0031247735023498535
es,xlm-roberta-large,cantante,9,-0.36865881085395813,-0.0010498762130737305
es,xlm-roberta-large,cantante,10,-0.5830254554748535,-0.003895699977874756
es,xlm-roberta-large,cantante,11,-1.4287524223327637,-0.008517801761627197
es,xlm-roberta-large,cantante,12,-0.9480462074279785,-0.008632183074951172
es,xlm-roberta-large,cantante,13,-0.8122101426124573,-0.008322417736053467
es,xlm-roberta-large,cantante,14,-0.22823619842529297,-0.008406519889831543
es,xlm-roberta-large,cantante,15,-0.09713131189346313,-0.006409287452697754
es,xlm-roberta-large,cantante,16,-0.20714211463928223,-0.007366061210632324
es,xlm-roberta-large,cantante,17,-0.47946852445602417,-0.0062462687492370605
es,xlm-roberta-large,cantante,18,-0.7203871011734009,-0.006183207035064697
es,xlm-roberta-large,cantante,19,-0.265516996383667,-0.0038690567016601562
es,xlm-roberta-large,cantante,20,-0.03455671668052673,-0.004164993762969971
es,xlm-roberta-large,cantante,21,-0.3256673812866211,-0.003650486469268799
es,xlm-roberta-large,cantante,22,-0.9393072128295898,-0.005192995071411133
es,xlm-roberta-large,cantante,23,-1.3493412733078003,-0.007196307182312012
es,xlm-roberta-large,cantante,24,-0.2768706977367401,-0.00028830766677856445
es,xlm-roberta-large,juez,0,0.23432904481887817,0.012692838907241821
es,xlm-roberta-large,juez,1,0.11805316805839539,0.0027316808700561523
es,xlm-roberta-large,juez,2,0.42121779918670654,0.005678415298461914
es,xlm-roberta-large,juez,3,1.0154826641082764,0.008503913879394531
es,xlm-roberta-large,juez,4,1.15518319606781,0.0035860538482666016
es,xlm-roberta-large,juez,5,0.34432104229927063,0.002267301082611084
es,xlm-roberta-large,juez,6,0.5202598571777344,0.0020461678504943848
es,xlm-roberta-large,juez,7,0.38356590270996094,0.0036634206771850586
es,xlm-roberta-large,juez,8,0.9688933491706848,0.0065708160400390625
es,xlm-roberta-large,juez,9,0.8482714295387268,0.0068814754486083984
es,xlm-roberta-large,juez,10,1.0560650825500488,0.006926417350769043
es,xlm-roberta-large,juez,11,0.24182242155075073,0.002127528190612793
es,xlm-roberta-large,juez,12,0.5661070346832275,0.0021068453788757324
es,xlm-roberta-large,juez,13,0.5473639369010925,0.0027654170989990234
es,xlm-roberta-large,juez,14,1.416566252708435,0.00346297025680542
es,xlm-roberta-large,juez,15,1.6713268756866455,0.00527036190032959
es,xlm-roberta-large,juez,16,1.9551584720611572,0.007394134998321533
es,xlm-roberta-large,juez,17,1.377485990524292,0.006455063819885254
es,xlm-roberta-large,juez,18,1.39540696144104,0.008930325508117676
es,xlm-roberta-large,juez,19,1.6365957260131836,0.009361505508422852
es,xlm-roberta-large,juez,20,1.7141246795654297,0.008201062679290771
es,xlm-roberta-large,juez,21,1.6334795951843262,0.009518086910247803
es,xlm-roberta-large,juez,22,0.9663923978805542,0.007771968841552734
es,xlm-roberta-large,juez,23,0.6258320212364197,0.005692541599273682
es,xlm-roberta-large,juez,24,-0.00315992534160614,0.0003371238708496094
es,xlm-roberta-large,dentista,0,-2.183854579925537,-0.07862204313278198
es,xlm-roberta-large,dentista,1,-0.7581678628921509,-0.011081039905548096
es,xlm-roberta-large,dentista,2,-0.5636024475097656,-0.005841255187988281
es,xlm-roberta-large,dentista,3,-0.10709595680236816,-0.0042400360107421875
es,xlm-roberta-large,dentista,4,0.20062094926834106,-0.004580855369567871
es,xlm-roberta-large,dentista,5,-0.5997953414916992,-0.0051528215408325195
es,xlm-roberta-large,dentista,6,-0.45692306756973267,-0.004731953144073486
es,xlm-roberta-large,dentista,7,-0.8684240579605103,-0.0044612884521484375
es,xlm-roberta-large,dentista,8,-0.2071821093559265,-0.0007126331329345703
es,xlm-roberta-large,dentista,9,0.016899406909942627,0.0014700889587402344
es,xlm-roberta-large,dentista,10,0.44055670499801636,0.002856910228729248
es,xlm-roberta-large,dentista,11,-0.034360289573669434,0.00033718347549438477
es,xlm-roberta-large,dentista,12,0.7117414474487305,0.003275573253631592
es,xlm-roberta-large,dentista,13,1.0062751770019531,0.007484495639801025
es,xlm-roberta-large,dentista,14,1.5267078876495361,0.005071699619293213
es,xlm-roberta-large,dentista,15,1.354495882987976,0.0039376020431518555
es,xlm-roberta-large,dentista,16,1.4096574783325195,0.004271030426025391
es,xlm-roberta-large,dentista,17,1.102237343788147,0.0049378275871276855
es,xlm-roberta-large,dentista,18,0.8341934084892273,0.00513613224029541
es,xlm-roberta-large,dentista,19,1.26051926612854,0.0070539116859436035
es,xlm-roberta-large,dentista,20,1.4602773189544678,0.006765127182006836
es,xlm-roberta-large,dentista,21,1.035287618637085,0.005722761154174805
es,xlm-roberta-large,dentista,22,0.08942121267318726,0.0017429590225219727
es,xlm-roberta-large,dentista,23,-0.2192876935005188,1.043081283569336e-05
es,xlm-roberta-large,dentista,24,-0.3353317379951477,-0.00043004751205444336
es,xlm-roberta-large,estudiante,0,-0.21899811923503876,-0.0026356875896453857
es,xlm-roberta-large,estudiante,1,-0.18615569174289703,-0.002045750617980957
es,xlm-roberta-large,estudiante,2,-0.06227092444896698,-1.2934207916259766e-05
es,xlm-roberta-large,estudiante,3,0.42774075269699097,0.0017560124397277832
es,xlm-roberta-large,estudiante,4,1.0628702640533447,0.0021905899047851562
es,xlm-roberta-large,estudiante,5,0.10005161166191101,0.0003018975257873535
es,xlm-roberta-large,estudiante,6,0.22882080078125,-7.724761962890625e-05
es,xlm-roberta-large,estudiante,7,0.05624067783355713,0.00160139799118042
es,xlm-roberta-large,estudiante,8,0.5442332625389099,0.003935039043426514
es,xlm-roberta-large,estudiante,9,0.6440287828445435,0.005618929862976074
es,xlm-roberta-large,estudiante,10,1.1321706771850586,0.007459461688995361
es,xlm-roberta-large,estudiante,11,0.23263409733772278,0.0020805001258850098
es,xlm-roberta-large,estudiante,12,0.6890748143196106,0.002918541431427002
es,xlm-roberta-large,estudiante,13,0.739887535572052,0.004348397254943848
es,xlm-roberta-large,estudiante,14,1.5743236541748047,0.0044890642166137695
es,xlm-roberta-large,estudiante,15,1.7056074142456055,0.005332350730895996
es,xlm-roberta-large,estudiante,16,1.7367782592773438,0.005870640277862549
es,xlm-roberta-large,estudiante,17,1.3209598064422607,0.006063580513000488
es,xlm-roberta-large,estudiante,18,1.3799867630004883,0.008872747421264648
es,xlm-roberta-large,estudiante,19,1.6693735122680664,0.009627044200897217
es,xlm-roberta-large,estudiante,20,1.6888210773468018,0.008065462112426758
es,xlm-roberta-large,estudiante,21,1.5679044723510742,0.009096801280975342
es,xlm-roberta-large,estudiante,22,0.813467264175415,0.00673830509185791
es,xlm-roberta-large,estudiante,23,0.2531006932258606,0.003245413303375244
es,xlm-roberta-large,estudiante,24,-0.43673720955848694,-0.0006595253944396973
es,xlm-roberta-large,abogado,0,2.8126516342163086,0.07823905348777771
es,xlm-roberta-large,abogado,1,2.2734732627868652,0.030754387378692627
es,xlm-roberta-large,abogado,2,1.5116543769836426,0.01645517349243164
es,xlm-roberta-large,abogado,3,1.8913575410842896,0.0160178542137146
es,xlm-roberta-large,abogado,4,1.9543951749801636,0.008439362049102783
es,xlm-roberta-large,abogado,5,1.1982133388519287,0.008242428302764893
es,xlm-roberta-large,abogado,6,1.0618467330932617,0.00526273250579834
es,xlm-roberta-large,abogado,7,0.7971236109733582,0.0061149001121521
es,xlm-roberta-large,abogado,8,1.1157777309417725,0.0072234272956848145
es,xlm-roberta-large,abogado,9,1.4509598016738892,0.010668754577636719
es,xlm-roberta-large,abogado,10,1.6336618661880493,0.010619163513183594
es,xlm-roberta-large,abogado,11,0.7865433692932129,0.005590498447418213
es,xlm-roberta-large,abogado,12,0.9401853084564209,0.004698514938354492
es,xlm-roberta-large,abogado,13,0.9712800979614258,0.006368279457092285
es,xlm-roberta-large,abogado,14,1.7129305601119995,0.0054836273193359375
es,xlm-roberta-large,abogado,15,1.6442444324493408,0.004921972751617432
es,xlm-roberta-large,abogado,16,1.6230072975158691,0.005005955696105957
es,xlm-roberta-large,abogado,17,1.4113168716430664,0.006610512733459473
es,xlm-roberta-large,abogado,18,1.4824658632278442,0.009464085102081299
es,xlm-roberta-large,abogado,19,1.7420258522033691,0.00990206003189087
es,xlm-roberta-large,abogado,20,1.9155125617980957,0.00953984260559082
es,xlm-roberta-large,abogado,21,2.0334432125091553,0.012138426303863525
es,xlm-roberta-large,abogado,22,1.2012861967086792,0.009213447570800781
es,xlm-roberta-large,abogado,23,0.9973010420799255,0.008065760135650635
es,xlm-roberta-large,abogado,24,0.3446100652217865,0.0011341571807861328
es,xlm-roberta-large,agricultor,0,3.610398530960083,0.09883108735084534
es,xlm-roberta-large,agricultor,1,2.967573881149292,0.04000437259674072
es,xlm-roberta-large,agricultor,2,2.041585922241211,0.021975994110107422
es,xlm-roberta-large,agricultor,3,2.1479856967926025,0.018490731716156006
es,xlm-roberta-large,agricultor,4,2.224475622177124,0.010439693927764893
es,xlm-roberta-large,agricultor,5,1.6441335678100586,0.011395812034606934
es,xlm-roberta-large,agricultor,6,1.7264891862869263,0.009480416774749756
es,xlm-roberta-large,agricultor,7,1.4316892623901367,0.009945988655090332
es,xlm-roberta-large,agricultor,8,1.504494547843933,0.009424924850463867
es,xlm-roberta-large,agricultor,9,1.374394416809082,0.010002315044403076
es,xlm-roberta-large,agricultor,10,1.3008928298950195,0.00827711820602417
es,xlm-roberta-large,agricultor,11,0.7732506394386292,0.005377411842346191
es,xlm-roberta-large,agricultor,12,1.4032840728759766,0.007783174514770508
es,xlm-roberta-large,agricultor,13,1.108007550239563,0.007563471794128418
es,xlm-roberta-large,agricultor,14,1.6992905139923096,0.005736231803894043
es,xlm-roberta-large,agricultor,15,1.937697410583496,0.00658416748046875
es,xlm-roberta-large,agricultor,16,1.9068005084991455,0.006711065769195557
es,xlm-roberta-large,agricultor,17,1.3505160808563232,0.005997717380523682
es,xlm-roberta-large,agricultor,18,1.2911847829818726,0.007816135883331299
es,xlm-roberta-large,agricultor,19,1.65974760055542,0.009077370166778564
es,xlm-roberta-large,agricultor,20,1.6531237363815308,0.007401108741760254
es,xlm-roberta-large,agricultor,21,1.2130357027053833,0.006426870822906494
es,xlm-roberta-large,agricultor,22,0.5396525263786316,0.004631102085113525
es,xlm-roberta-large,agricultor,23,0.23948049545288086,0.0030115246772766113
es,xlm-roberta-large,agricultor,24,0.14812922477722168,0.000682532787322998
es,xlm-roberta-large,profesor,0,2.2270641326904297,0.06484055519104004
es,xlm-roberta-large,profesor,1,1.9910888671875,0.02765190601348877
es,xlm-roberta-large,profesor,2,2.002206325531006,0.021697998046875
es,xlm-roberta-large,profesor,3,2.4869303703308105,0.022068917751312256
es,xlm-roberta-large,profesor,4,2.791368007659912,0.01471477746963501
es,xlm-roberta-large,profesor,5,1.982841968536377,0.01395350694656372
es,xlm-roberta-large,profesor,6,1.750718355178833,0.00968843698501587
es,xlm-roberta-large,profesor,7,1.367762804031372,0.009647071361541748
es,xlm-roberta-large,profesor,8,1.421286940574646,0.009012997150421143
es,xlm-roberta-large,profesor,9,1.4531505107879639,0.010659933090209961
es,xlm-roberta-large,profesor,10,1.6179739236831665,0.010416030883789062
es,xlm-roberta-large,profesor,11,0.7914972901344299,0.005578339099884033
es,xlm-roberta-large,profesor,12,1.1480237245559692,0.006100893020629883
es,xlm-roberta-large,profesor,13,1.1355516910552979,0.0074356794357299805
es,xlm-roberta-large,profesor,14,2.0572943687438965,0.0076784491539001465
es,xlm-roberta-large,profesor,15,2.230320453643799,0.00853574275970459
es,xlm-roberta-large,profesor,16,2.1550962924957275,0.008355021476745605
es,xlm-roberta-large,profesor,17,1.7316021919250488,0.008573949337005615
es,xlm-roberta-large,profesor,18,1.8972547054290771,0.012192904949188232
es,xlm-roberta-large,profesor,19,2.1641407012939453,0.012619197368621826
es,xlm-roberta-large,profesor,20,2.3942089080810547,0.012604117393493652
es,xlm-roberta-large,profesor,21,2.562856674194336,0.015405118465423584
es,xlm-roberta-large,profesor,22,1.534767508506775,0.01131892204284668
es,xlm-roberta-large,profesor,23,1.3403337001800537,0.010165631771087646
es,xlm-roberta-large,profesor,24,0.46738216280937195,0.0014132857322692871
es,xlm-roberta-large,mecánico,0,1.6056416034698486,0.07358285784721375
es,xlm-roberta-large,mecánico,1,1.3758373260498047,0.023692846298217773
es,xlm-roberta-large,mecánico,2,1.2685925960540771,0.01643449068069458
es,xlm-roberta-large,mecánico,3,1.5399048328399658,0.014701604843139648
es,xlm-roberta-large,mecánico,4,2.109600305557251,0.011048436164855957
es,xlm-roberta-large,mecánico,5,1.2421724796295166,0.009352266788482666
es,xlm-roberta-large,mecánico,6,1.2044099569320679,0.006715178489685059
es,xlm-roberta-large,mecánico,7,0.6844436526298523,0.005663096904754639
es,xlm-roberta-large,mecánico,8,0.824797511100769,0.005730807781219482
es,xlm-roberta-large,mecánico,9,1.1282823085784912,0.008938312530517578
es,xlm-roberta-large,mecánico,10,1.4642879962921143,0.00990372896194458
es,xlm-roberta-large,mecánico,11,1.043208360671997,0.007480502128601074
es,xlm-roberta-large,mecánico,12,1.294256329536438,0.007701754570007324
es,xlm-roberta-large,mecánico,13,1.1296507120132446,0.008363068103790283
es,xlm-roberta-large,mecánico,14,2.0186288356781006,0.008793294429779053
es,xlm-roberta-large,mecánico,15,1.932472825050354,0.008299410343170166
es,xlm-roberta-large,mecánico,16,1.9470915794372559,0.008413255214691162
es,xlm-roberta-large,mecánico,17,1.4816312789916992,0.007857680320739746
es,xlm-roberta-large,mecánico,18,0.8874880075454712,0.0056310296058654785
es,xlm-roberta-large,mecánico,19,1.2223427295684814,0.00691986083984375
es,xlm-roberta-large,mecánico,20,1.5508257150650024,0.007468461990356445
es,xlm-roberta-large,mecánico,21,1.0937068462371826,0.00616985559463501
es,xlm-roberta-large,mecánico,22,0.6007352471351624,0.0054863691329956055
es,xlm-roberta-large,mecánico,23,0.3424725830554962,0.0039778947830200195
es,xlm-roberta-large,mecánico,24,0.416945219039917,0.001320958137512207
es,xlm-roberta-large,cocinero,0,1.4043595790863037,0.06431782245635986
es,xlm-roberta-large,cocinero,1,1.250474214553833,0.021142959594726562
es,xlm-roberta-large,cocinero,2,1.2345117330551147,0.015701711177825928
es,xlm-roberta-large,cocinero,3,1.7080851793289185,0.016612887382507324
es,xlm-roberta-large,cocinero,4,2.1306395530700684,0.011548519134521484
es,xlm-roberta-large,cocinero,5,1.5179946422576904,0.011782407760620117
es,xlm-roberta-large,cocinero,6,1.663535237312317,0.010067343711853027
es,xlm-roberta-large,cocinero,7,1.3093024492263794,0.009960532188415527
es,xlm-roberta-large,cocinero,8,1.518837571144104,0.010263562202453613
es,xlm-roberta-large,cocinero,9,1.1038967370986938,0.008833348751068115
es,xlm-roberta-large,cocinero,10,1.200147271156311,0.008097469806671143
es,xlm-roberta-large,cocinero,11,0.21594277024269104,0.0019913911819458008
es,xlm-roberta-large,cocinero,12,0.7147966623306274,0.003274857997894287
es,xlm-roberta-large,cocinero,13,0.7303758263587952,0.004875838756561279
es,xlm-roberta-large,cocinero,14,1.4514737129211426,0.00430375337600708
es,xlm-roberta-large,cocinero,15,1.4629311561584473,0.004435718059539795
es,xlm-roberta-large,cocinero,16,1.4735060930252075,0.004596054553985596
es,xlm-roberta-large,cocinero,17,1.0659781694412231,0.004624545574188232
es,xlm-roberta-large,cocinero,18,0.825011670589447,0.005045950412750244
es,xlm-roberta-large,cocinero,19,1.1368088722229004,0.006169259548187256
es,xlm-roberta-large,cocinero,20,1.223266839981079,0.004986822605133057
es,xlm-roberta-large,cocinero,21,0.8555991649627686,0.004464328289031982
es,xlm-roberta-large,cocinero,22,0.4815603494644165,0.0045708417892456055
es,xlm-roberta-large,cocinero,23,0.35421454906463623,0.004037439823150635
es,xlm-roberta-large,cocinero,24,0.6054362058639526,0.001749575138092041
es,xlm-roberta-large,minero,0,0.13793005049228668,0.009462356567382812
es,xlm-roberta-large,minero,1,0.2929385304450989,0.005514383316040039
es,xlm-roberta-large,minero,2,0.3375421166419983,0.004698395729064941
es,xlm-roberta-large,minero,3,0.7142763733863831,0.005136370658874512
es,xlm-roberta-large,minero,4,1.3355224132537842,0.004997909069061279
es,xlm-roberta-large,minero,5,0.9126680493354797,0.006770908832550049
es,xlm-roberta-large,minero,6,0.9849499464035034,0.005218088626861572
es,xlm-roberta-large,minero,7,1.004395604133606,0.007767975330352783
es,xlm-roberta-large,minero,8,1.3776912689208984,0.00924772024154663
es,xlm-roberta-large,minero,9,1.3316736221313477,0.010268926620483398
es,xlm-roberta-large,minero,10,1.3116438388824463,0.008875608444213867
es,xlm-roberta-large,minero,11,0.5143646001815796,0.003970682621002197
es,xlm-roberta-large,minero,12,0.9425730109214783,0.004990100860595703
es,xlm-roberta-large,minero,13,0.8555071949958801,0.005849778652191162
es,xlm-roberta-large,minero,14,1.6692789793014526,0.006099045276641846
es,xlm-roberta-large,minero,15,1.5565953254699707,0.004998326301574707
es,xlm-roberta-large,minero,16,1.6093984842300415,0.005525410175323486
es,xlm-roberta-large,minero,17,1.167647123336792,0.005312144756317139
es,xlm-roberta-large,minero,18,0.7974492311477661,0.004794597625732422
es,xlm-roberta-large,minero,19,1.2032750844955444,0.006652891635894775
es,xlm-roberta-large,minero,20,1.0723555088043213,0.00386655330657959
es,xlm-roberta-large,minero,21,0.6922159194946289,0.0033115744590759277
es,xlm-roberta-large,minero,22,0.14817970991134644,0.0021396875381469727
es,xlm-roberta-large,minero,23,-0.08518916368484497,0.0009225010871887207
es,xlm-roberta-large,minero,24,0.34123361110687256,0.0011339783668518066
es,xlm-roberta-large,arquitecto,0,2.66713285446167,0.0733594000339508
es,xlm-roberta-large,arquitecto,1,2.179567575454712,0.029573380947113037
es,xlm-roberta-large,arquitecto,2,1.5424978733062744,0.016802668571472168
es,xlm-roberta-large,arquitecto,3,2.101616859436035,0.018089592456817627
es,xlm-roberta-large,arquitecto,4,2.4410243034362793,0.012040138244628906
es,xlm-roberta-large,arquitecto,5,1.5484881401062012,0.010730564594268799
es,xlm-roberta-large,arquitecto,6,1.4859366416931152,0.007940113544464111
es,xlm-roberta-large,arquitecto,7,1.0810425281524658,0.007818937301635742
es,xlm-roberta-large,arquitecto,8,1.283445119857788,0.00813305377960205
es,xlm-roberta-large,arquitecto,9,1.0238832235336304,0.007822811603546143
es,xlm-roberta-large,arquitecto,10,1.089341640472412,0.0069353580474853516
es,xlm-roberta-large,arquitecto,11,0.27736997604370117,0.0022911429405212402
es,xlm-roberta-large,arquitecto,12,0.7969732880592346,0.00364530086517334
es,xlm-roberta-large,arquitecto,13,0.7796546816825867,0.0046041011810302734
es,xlm-roberta-large,arquitecto,14,1.4461790323257446,0.004015088081359863
es,xlm-roberta-large,arquitecto,15,1.5989224910736084,0.0046686530113220215
es,xlm-roberta-large,arquitecto,16,1.6238263845443726,0.004976987838745117
es,xlm-roberta-large,arquitecto,17,1.1732189655303955,0.004912316799163818
es,xlm-roberta-large,arquitecto,18,1.0317049026489258,0.006123602390289307
es,xlm-roberta-large,arquitecto,19,1.2309716939926147,0.006269872188568115
es,xlm-roberta-large,arquitecto,20,1.341826319694519,0.005388081073760986
es,xlm-roberta-large,arquitecto,21,1.378936529159546,0.007586658000946045
es,xlm-roberta-large,arquitecto,22,0.4657513499259949,0.004155933856964111
es,xlm-roberta-large,arquitecto,23,0.3784148693084717,0.003909051418304443
es,xlm-roberta-large,arquitecto,24,0.22528012096881866,0.0008592009544372559
es,xlm-roberta-large,ingeniero,0,1.2188727855682373,0.048576563596725464
es,xlm-roberta-large,ingeniero,1,1.5630168914794922,0.02572453022003174
es,xlm-roberta-large,ingeniero,2,1.1260230541229248,0.013928055763244629
es,xlm-roberta-large,ingeniero,3,1.3901424407958984,0.012672781944274902
es,xlm-roberta-large,ingeniero,4,1.7583346366882324,0.008229374885559082
es,xlm-roberta-large,ingeniero,5,1.253205418586731,0.009220004081726074
es,xlm-roberta-large,ingeniero,6,1.382768154144287,0.007812917232513428
es,xlm-roberta-large,ingeniero,7,1.0938167572021484,0.008153736591339111
es,xlm-roberta-large,ingeniero,8,1.1983516216278076,0.007917046546936035
es,xlm-roberta-large,ingeniero,9,1.4324606657028198,0.010743379592895508
es,xlm-roberta-large,ingeniero,10,1.6751682758331299,0.011069953441619873
es,xlm-roberta-large,ingeniero,11,0.8223534822463989,0.00585627555847168
es,xlm-roberta-large,ingeniero,12,1.1990745067596436,0.006666719913482666
es,xlm-roberta-large,ingeniero,13,1.4249475002288818,0.009777486324310303
es,xlm-roberta-large,ingeniero,14,2.3746235370635986,0.010247588157653809
es,xlm-roberta-large,ingeniero,15,2.329423189163208,0.00981295108795166
es,xlm-roberta-large,ingeniero,16,2.4837324619293213,0.011120796203613281
es,xlm-roberta-large,ingeniero,17,2.1510913372039795,0.011835038661956787
es,xlm-roberta-large,ingeniero,18,2.2884674072265625,0.015338242053985596
es,xlm-roberta-large,ingeniero,19,2.5103607177734375,0.015446007251739502
es,xlm-roberta-large,ingeniero,20,2.645535707473755,0.014775872230529785
es,xlm-roberta-large,ingeniero,21,2.1235299110412598,0.012797415256500244
es,xlm-roberta-large,ingeniero,22,1.3789961338043213,0.010563969612121582
es,xlm-roberta-large,ingeniero,23,1.1892751455307007,0.009450733661651611
es,xlm-roberta-large,ingeniero,24,0.5840718746185303,0.0016966462135314941
es,xlm-roberta-large,abogada,0,-1.2413785457611084,-0.04096820950508118
es,xlm-roberta-large,abogada,1,-0.6637958288192749,-0.009716033935546875
es,xlm-roberta-large,abogada,2,-0.8961077928543091,-0.00986093282699585
es,xlm-roberta-large,abogada,3,-0.2762952446937561,-0.005779564380645752
es,xlm-roberta-large,abogada,4,0.3082239031791687,-0.0032925009727478027
es,xlm-roberta-large,abogada,5,-0.6412354707717896,-0.005449533462524414
es,xlm-roberta-large,abogada,6,-0.23344022035598755,-0.003131091594696045
es,xlm-roberta-large,abogada,7,-0.6591854691505432,-0.0030859708786010742
es,xlm-roberta-large,abogada,8,-1.1003203392028809,-0.006253659725189209
es,xlm-roberta-large,abogada,9,-1.7346712350845337,-0.010162889957427979
es,xlm-roberta-large,abogada,10,-1.531450867652893,-0.010386407375335693
es,xlm-roberta-large,abogada,11,-2.1007466316223145,-0.013063967227935791
es,xlm-roberta-large,abogada,12,-2.1473569869995117,-0.017599821090698242
es,xlm-roberta-large,abogada,13,-1.6597564220428467,-0.016027867794036865
es,xlm-roberta-large,abogada,14,-0.9553555250167847,-0.014042854309082031
es,xlm-roberta-large,abogada,15,-0.8861083984375,-0.01193171739578247
es,xlm-roberta-large,abogada,16,-0.9412227272987366,-0.012687385082244873
es,xlm-roberta-large,abogada,17,-1.423081398010254,-0.013020455837249756
es,xlm-roberta-large,abogada,18,-1.6497966051101685,-0.01317673921585083
es,xlm-roberta-large,abogada,19,-1.4926767349243164,-0.01265949010848999
es,xlm-roberta-large,abogada,20,-1.2224006652832031,-0.01280146837234497
es,xlm-roberta-large,abogada,21,-1.2236666679382324,-0.009921252727508545
es,xlm-roberta-large,abogada,22,-1.5876007080078125,-0.010057032108306885
es,xlm-roberta-large,abogada,23,-1.7238640785217285,-0.010271072387695312
es,xlm-roberta-large,abogada,24,-0.4258918762207031,-0.0006423592567443848
es,xlm-roberta-large,enfermera,0,-1.1618387699127197,-0.04477548599243164
es,xlm-roberta-large,enfermera,1,-0.9770151376724243,-0.015407085418701172
es,xlm-roberta-large,enfermera,2,-1.0126118659973145,-0.011661887168884277
es,xlm-roberta-large,enfermera,3,-0.6164164543151855,-0.010161519050598145
es,xlm-roberta-large,enfermera,4,-0.051205575466156006,-0.006569623947143555
es,xlm-roberta-large,enfermera,5,-0.9062091112136841,-0.007758200168609619
es,xlm-roberta-large,enfermera,6,-0.6285551190376282,-0.006013631820678711
es,xlm-roberta-large,enfermera,7,-1.3254892826080322,-0.007561683654785156
es,xlm-roberta-large,enfermera,8,-1.273256540298462,-0.007490396499633789
es,xlm-roberta-large,enfermera,9,-1.6022918224334717,-0.009480535984039307
es,xlm-roberta-large,enfermera,10,-1.7312248945236206,-0.011990487575531006
es,xlm-roberta-large,enfermera,11,-2.3630785942077637,-0.015203475952148438
es,xlm-roberta-large,enfermera,12,-2.3183250427246094,-0.019606411457061768
es,xlm-roberta-large,enfermera,13,-1.8630945682525635,-0.018862903118133545
es,xlm-roberta-large,enfermera,14,-0.8195401430130005,-0.0135917067527771
es,xlm-roberta-large,enfermera,15,-0.9136488437652588,-0.012618660926818848
es,xlm-roberta-large,enfermera,16,-0.9192337393760681,-0.012964248657226562
es,xlm-roberta-large,enfermera,17,-1.4707458019256592,-0.013850808143615723
es,xlm-roberta-large,enfermera,18,-1.9611953496932983,-0.016022861003875732
es,xlm-roberta-large,enfermera,19,-1.6858932971954346,-0.0144844651222229
es,xlm-roberta-large,enfermera,20,-1.5004825592041016,-0.015188336372375488
es,xlm-roberta-large,enfermera,21,-1.7754862308502197,-0.013996541500091553
es,xlm-roberta-large,enfermera,22,-2.0665383338928223,-0.013759136199951172
es,xlm-roberta-large,enfermera,23,-2.1388795375823975,-0.013401985168457031
es,xlm-roberta-large,enfermera,24,-0.8290538787841797,-0.0015763640403747559
es,xlm-roberta-large,profesora,0,-2.984374761581421,-0.07353028655052185
es,xlm-roberta-large,profesora,1,-2.282707691192627,-0.029410898685455322
es,xlm-roberta-large,profesora,2,-1.9042713642120361,-0.019211888313293457
es,xlm-roberta-large,profesora,3,-1.0815000534057617,-0.013606727123260498
es,xlm-roberta-large,profesora,4,-0.37835049629211426,-0.008707761764526367
es,xlm-roberta-large,profesora,5,-1.456789493560791,-0.011021435260772705
es,xlm-roberta-large,profesora,6,-1.5294188261032104,-0.01138913631439209
es,xlm-roberta-large,profesora,7,-2.3746869564056396,-0.013460397720336914
es,xlm-roberta-large,profesora,8,-2.466989517211914,-0.014095485210418701
es,xlm-roberta-large,profesora,9,-2.5863404273986816,-0.015266895294189453
es,xlm-roberta-large,profesora,10,-2.2491202354431152,-0.014769494533538818
es,xlm-roberta-large,profesora,11,-2.77001953125,-0.01704031229019165
es,xlm-roberta-large,profesora,12,-2.2531626224517822,-0.017886698246002197
es,xlm-roberta-large,profesora,13,-2.000990867614746,-0.017885684967041016
es,xlm-roberta-large,profesora,14,-1.4010580778121948,-0.016861915588378906
es,xlm-roberta-large,profesora,15,-1.33286452293396,-0.014502525329589844
es,xlm-roberta-large,profesora,16,-1.5899113416671753,-0.01668626070022583
es,xlm-roberta-large,profesora,17,-1.7614818811416626,-0.01492452621459961
es,xlm-roberta-large,profesora,18,-2.1268258094787598,-0.016111314296722412
es,xlm-roberta-large,profesora,19,-2.2892751693725586,-0.01768338680267334
es,xlm-roberta-large,profesora,20,-2.2981605529785156,-0.019920706748962402
es,xlm-roberta-large,profesora,21,-2.595961332321167,-0.018693983554840088
es,xlm-roberta-large,profesora,22,-2.8987903594970703,-0.01827859878540039
es,xlm-roberta-large,profesora,23,-3.1233487129211426,-0.018730461597442627
es,xlm-roberta-large,profesora,24,-0.9298782348632812,-0.0017815828323364258
es,xlm-roberta-large,mecánica,0,0.21133024990558624,0.013607770204544067
es,xlm-roberta-large,mecánica,1,0.24276383221149445,0.00495988130569458
es,xlm-roberta-large,mecánica,2,0.20914775133132935,0.0033156871795654297
es,xlm-roberta-large,mecánica,3,0.488497793674469,0.002649247646331787
es,xlm-roberta-large,mecánica,4,1.0695371627807617,0.002604067325592041
es,xlm-roberta-large,mecánica,5,0.23680707812309265,0.0014014244079589844
es,xlm-roberta-large,mecánica,6,0.3024109899997711,0.0005009174346923828
es,xlm-roberta-large,mecánica,7,-0.48145031929016113,-0.0019180774688720703
es,xlm-roberta-large,mecánica,8,-0.6524991989135742,-0.0034813284873962402
es,xlm-roberta-large,mecánica,9,-0.38901469111442566,-0.0012730956077575684
es,xlm-roberta-large,mecánica,10,-0.5248956084251404,-0.003673851490020752
es,xlm-roberta-large,mecánica,11,-0.696428120136261,-0.004069805145263672
es,xlm-roberta-large,mecánica,12,-0.06093880161643028,-0.002483546733856201
es,xlm-roberta-large,mecánica,13,-0.12981535494327545,-0.0028824210166931152
es,xlm-roberta-large,mecánica,14,0.9271872639656067,0.0003598332405090332
es,xlm-roberta-large,mecánica,15,0.6928984522819519,-0.0008777379989624023
es,xlm-roberta-large,mecánica,16,0.7449812889099121,-0.0005740523338317871
es,xlm-roberta-large,mecánica,17,0.4523966312408447,0.00025194883346557617
es,xlm-roberta-large,mecánica,18,-0.19616365432739258,-0.00261533260345459
es,xlm-roberta-large,mecánica,19,0.22475767135620117,-0.0004017353057861328
es,xlm-roberta-large,mecánica,20,0.2792421579360962,-0.0018999576568603516
es,xlm-roberta-large,mecánica,21,-0.12004446983337402,-0.002352893352508545
es,xlm-roberta-large,mecánica,22,-0.5954766273498535,-0.0031931400299072266
es,xlm-roberta-large,mecánica,23,-0.8892948031425476,-0.004669249057769775
es,xlm-roberta-large,mecánica,24,-0.45786264538764954,-0.0007249116897583008
es,xlm-roberta-large,cocinera,0,-0.2635517120361328,-0.006736844778060913
es,xlm-roberta-large,cocinera,1,-0.08886072039604187,-0.0004630088806152344
es,xlm-roberta-large,cocinera,2,-0.15970450639724731,-0.0012034773826599121
es,xlm-roberta-large,cocinera,3,0.14513637125492096,-0.0013085007667541504
es,xlm-roberta-large,cocinera,4,0.6056492328643799,-0.0010682344436645508
es,xlm-roberta-large,cocinera,5,-0.16037696599960327,-0.0017518401145935059
es,xlm-roberta-large,cocinera,6,0.08694896101951599,-0.0009943842887878418
es,xlm-roberta-large,cocinera,7,-0.7956565618515015,-0.0040808916091918945
es,xlm-roberta-large,cocinera,8,-0.9204940795898438,-0.005282402038574219
es,xlm-roberta-large,cocinera,9,-1.052478313446045,-0.005769968032836914
es,xlm-roberta-large,cocinera,10,-0.9755123257637024,-0.0067726969718933105
es,xlm-roberta-large,cocinera,11,-1.5358033180236816,-0.00957411527633667
es,xlm-roberta-large,cocinera,12,-0.947613000869751,-0.009152591228485107
es,xlm-roberta-large,cocinera,13,-0.7981790900230408,-0.009092271327972412
es,xlm-roberta-large,cocinera,14,-0.15919345617294312,-0.008123338222503662
es,xlm-roberta-large,cocinera,15,-0.3689071238040924,-0.008505821228027344
es,xlm-roberta-large,cocinera,16,-0.3183176517486572,-0.00836867094039917
es,xlm-roberta-large,cocinera,17,-0.7004718780517578,-0.008112192153930664
es,xlm-roberta-large,cocinera,18,-0.9033566117286682,-0.007924199104309082
es,xlm-roberta-large,cocinera,19,-0.6891111135482788,-0.007108867168426514
es,xlm-roberta-large,cocinera,20,-0.6209437251091003,-0.008591294288635254
es,xlm-roberta-large,cocinera,21,-0.8103232383728027,-0.007187485694885254
es,xlm-roberta-large,cocinera,22,-1.1723741292953491,-0.007327258586883545
es,xlm-roberta-large,cocinera,23,-1.2472995519638062,-0.00724637508392334
es,xlm-roberta-large,cocinera,24,-0.36649832129478455,-0.0005055069923400879
es,xlm-roberta-large,minera,0,-2.5397238731384277,-0.06315869092941284
es,xlm-roberta-large,minera,1,-1.60225510597229,-0.02036827802658081
es,xlm-roberta-large,minera,2,-1.6443686485290527,-0.01651620864868164
es,xlm-roberta-large,minera,3,-1.2611899375915527,-0.015121400356292725
es,xlm-roberta-large,minera,4,-0.7049071788787842,-0.010854721069335938
es,xlm-roberta-large,minera,5,-1.3560999631881714,-0.01027446985244751
es,xlm-roberta-large,minera,6,-1.2732359170913696,-0.009692966938018799
es,xlm-roberta-large,minera,7,-1.8362139463424683,-0.010237276554107666
es,xlm-roberta-large,minera,8,-1.70583176612854,-0.009606659412384033
es,xlm-roberta-large,minera,9,-1.7626302242279053,-0.010029137134552002
es,xlm-roberta-large,minera,10,-1.5062952041625977,-0.009912192821502686
es,xlm-roberta-large,minera,11,-1.8586199283599854,-0.011234045028686523
es,xlm-roberta-large,minera,12,-1.0288317203521729,-0.009128153324127197
es,xlm-roberta-large,minera,13,-0.913371741771698,-0.009084701538085938
es,xlm-roberta-large,minera,14,-0.16792237758636475,-0.007548093795776367
es,xlm-roberta-large,minera,15,-0.31111836433410645,-0.007491409778594971
es,xlm-roberta-large,minera,16,-0.12744754552841187,-0.006502807140350342
es,xlm-roberta-large,minera,17,-0.4226910471916199,-0.005742371082305908
es,xlm-roberta-large,minera,18,-0.7605983018875122,-0.006448328495025635
es,xlm-roberta-large,minera,19,-0.37046605348587036,-0.0044901371002197266
es,xlm-roberta-large,minera,20,-0.3860643208026886,-0.006480574607849121
es,xlm-roberta-large,minera,21,-0.42551153898239136,-0.004273056983947754
es,xlm-roberta-large,minera,22,-1.2435731887817383,-0.007291615009307861
es,xlm-roberta-large,minera,23,-1.7255992889404297,-0.009683430194854736
es,xlm-roberta-large,minera,24,-0.8223499059677124,-0.0015372037887573242
es,xlm-roberta-large,arquitecto,0,2.66713285446167,0.0733594000339508
es,xlm-roberta-large,arquitecto,1,2.179567575454712,0.029573380947113037
es,xlm-roberta-large,arquitecto,2,1.5424978733062744,0.016802668571472168
es,xlm-roberta-large,arquitecto,3,2.101616859436035,0.018089592456817627
es,xlm-roberta-large,arquitecto,4,2.4410243034362793,0.012040138244628906
es,xlm-roberta-large,arquitecto,5,1.5484881401062012,0.010730564594268799
es,xlm-roberta-large,arquitecto,6,1.4859366416931152,0.007940113544464111
es,xlm-roberta-large,arquitecto,7,1.0810425281524658,0.007818937301635742
es,xlm-roberta-large,arquitecto,8,1.283445119857788,0.00813305377960205
es,xlm-roberta-large,arquitecto,9,1.0238832235336304,0.007822811603546143
es,xlm-roberta-large,arquitecto,10,1.089341640472412,0.0069353580474853516
es,xlm-roberta-large,arquitecto,11,0.27736997604370117,0.0022911429405212402
es,xlm-roberta-large,arquitecto,12,0.7969732880592346,0.00364530086517334
es,xlm-roberta-large,arquitecto,13,0.7796546816825867,0.0046041011810302734
es,xlm-roberta-large,arquitecto,14,1.4461790323257446,0.004015088081359863
es,xlm-roberta-large,arquitecto,15,1.5989224910736084,0.0046686530113220215
es,xlm-roberta-large,arquitecto,16,1.6238263845443726,0.004976987838745117
es,xlm-roberta-large,arquitecto,17,1.1732189655303955,0.004912316799163818
es,xlm-roberta-large,arquitecto,18,1.0317049026489258,0.006123602390289307
es,xlm-roberta-large,arquitecto,19,1.2309716939926147,0.006269872188568115
es,xlm-roberta-large,arquitecto,20,1.341826319694519,0.005388081073760986
es,xlm-roberta-large,arquitecto,21,1.378936529159546,0.007586658000946045
es,xlm-roberta-large,arquitecto,22,0.4657513499259949,0.004155933856964111
es,xlm-roberta-large,arquitecto,23,0.3784148693084717,0.003909051418304443
es,xlm-roberta-large,arquitecto,24,0.22528012096881866,0.0008592009544372559
es,xlm-roberta-large,ingeniera,0,-0.5707851648330688,-0.017369240522384644
es,xlm-roberta-large,ingeniera,1,-0.1684999167919159,-0.001805424690246582
es,xlm-roberta-large,ingeniera,2,-0.5779589414596558,-0.006147861480712891
es,xlm-roberta-large,ingeniera,3,-0.430813729763031,-0.007625579833984375
es,xlm-roberta-large,ingeniera,4,0.17181289196014404,-0.004445314407348633
es,xlm-roberta-large,ingeniera,5,-0.6304583549499512,-0.0054367780685424805
es,xlm-roberta-large,ingeniera,6,-0.26085758209228516,-0.0033687353134155273
es,xlm-roberta-large,ingeniera,7,-0.7872212529182434,-0.004091203212738037
es,xlm-roberta-large,ingeniera,8,-0.749896764755249,-0.0042081475257873535
es,xlm-roberta-large,ingeniera,9,-0.5618414282798767,-0.002489626407623291
es,xlm-roberta-large,ingeniera,10,-0.7720514535903931,-0.005369424819946289
es,xlm-roberta-large,ingeniera,11,-1.5165637731552124,-0.009436488151550293
es,xlm-roberta-large,ingeniera,12,-1.343823790550232,-0.01181018352508545
es,xlm-roberta-large,ingeniera,13,-1.1014176607131958,-0.010892748832702637
es,xlm-roberta-large,ingeniera,14,-0.5799052715301514,-0.011033952236175537
es,xlm-roberta-large,ingeniera,15,-0.5885697603225708,-0.009729564189910889
es,xlm-roberta-large,ingeniera,16,-0.6556426286697388,-0.010500907897949219
es,xlm-roberta-large,ingeniera,17,-0.941275954246521,-0.00953751802444458
es,xlm-roberta-large,ingeniera,18,-0.9370757937431335,-0.007961034774780273
es,xlm-roberta-large,ingeniera,19,-0.8510278463363647,-0.00808030366897583
es,xlm-roberta-large,ingeniera,20,-0.8107080459594727,-0.009778261184692383
es,xlm-roberta-large,ingeniera,21,-1.2337590456008911,-0.009930074214935303
es,xlm-roberta-large,ingeniera,22,-1.6422052383422852,-0.01024860143661499
es,xlm-roberta-large,ingeniera,23,-1.7771289348602295,-0.010445892810821533
es,xlm-roberta-large,ingeniera,24,-0.6650319695472717,-0.0011954903602600098
